{
    "nodes": [ ],
    "edges": [ ],
    "viewport": {
        "x": -89.533904662223,
        "y": 352.6541910089745,
        "zoom": 0.8988976496030169
    }
}