{
    "nodes": [ ],
    "edges": [ ],
    "viewport": {
        "x": -798.2394016443131,
        "y": 27.776574276365636,
        "zoom": 1.0799608791111077
    }
}