{
    "nodes": [ ],
    "edges": [ ],
    "viewport": {
        "x": 558.2143593393089,
        "y": 358.6437494010324,
        "zoom": 0.8937168636377776
    }
}