{
    "nodes": [ ],
    "edges": [ ],
    "viewport": {
        "x": -1394.1941906030736,
        "y": -111.01345261129984,
        "zoom": 1.2468748811248396
    }
}