{
    "nodes": [ ],
    "edges": [ ],
    "viewport": {
        "x": 595.4062517741925,
        "y": 318.85232943455253,
        "zoom": 0.9806195172327969
    }
}